,radius_mean,perimeter_mean,area_mean,concave points_mean,radius_worst,perimeter_worst,area_worst,concave points_worst
0,17.99,122.8,1001.0,0.1471,25.38,184.6,2019.0,0.2654
1,20.57,132.9,1326.0,0.07017,24.99,158.8,1956.0,0.186
2,19.69,130.0,1203.0,0.1279,23.57,152.5,1709.0,0.243
3,11.42,77.58,386.1,0.1052,14.91,98.87,567.7,0.2575
4,20.29,135.1,1297.0,0.1043,22.54,152.2,1575.0,0.1625
5,12.45,82.57,477.1,0.08089,15.47,103.4,741.6,0.1741
6,18.25,119.6,1040.0,0.074,22.88,153.2,1606.0,0.1932
7,13.71,90.2,577.9,0.05985,17.06,110.6,897.0,0.1556
8,13.0,87.5,519.8,0.09353,15.49,106.2,739.3,0.206
9,12.46,83.97,475.9,0.08543,15.09,97.65,711.4,0.221
10,16.02,102.7,797.8,0.03323,19.19,123.8,1150.0,0.09975
11,15.78,103.6,781.0,0.06606,20.42,136.5,1299.0,0.181
12,19.17,132.4,1123.0,0.1118,20.96,151.7,1332.0,0.1767
13,15.85,103.7,782.7,0.05364,16.84,112.0,876.5,0.1119
14,13.73,93.6,578.3,0.08025,15.03,108.8,697.7,0.2208
15,14.54,96.73,658.8,0.07364,17.46,124.1,943.2,0.1712
16,14.68,94.74,684.5,0.05259,19.07,123.4,1138.0,0.1609
17,16.13,108.1,798.8,0.1028,20.96,136.8,1315.0,0.2073
18,19.81,130.0,1260.0,0.09498,27.32,186.8,2398.0,0.2388
19,13.54,87.46,566.3,0.04781,15.11,99.7,711.2,0.1288
20,13.08,85.63,520.0,0.0311,14.5,96.09,630.5,0.07283
21,9.504,60.34,273.9,0.02076,10.23,65.13,314.9,0.06227
22,15.34,102.5,704.4,0.09756,18.07,125.1,980.9,0.2393
23,21.16,137.2,1404.0,0.08632,29.17,188.0,2615.0,0.2009
24,16.65,110.0,904.6,0.0917,26.46,177.0,2215.0,0.2095
25,17.14,116.0,912.7,0.1401,22.25,152.4,1461.0,0.255
26,14.58,97.41,644.8,0.08783,17.62,122.4,896.9,0.2701
27,18.61,122.1,1094.0,0.07731,21.31,139.9,1403.0,0.149
28,15.3,102.4,732.4,0.08751,20.27,149.3,1269.0,0.2024
29,17.57,115.0,955.1,0.07953,20.01,134.9,1227.0,0.1456
30,18.63,124.8,1088.0,0.1244,23.15,160.5,1670.0,0.1848
31,11.84,77.93,440.6,0.05182,16.82,119.4,888.7,0.1546
32,17.02,112.8,899.3,0.1203,20.88,136.1,1344.0,0.1847
33,19.27,127.9,1162.0,0.07593,24.15,161.4,1813.0,0.1785
34,16.13,107.0,807.2,0.07752,20.21,132.7,1261.0,0.1864
35,16.74,110.1,869.5,0.06018,20.01,133.5,1229.0,0.1813
36,14.25,93.63,633.0,0.05598,15.89,116.2,799.6,0.1447
37,13.03,82.61,523.8,0.02923,13.3,84.46,545.9,0.05013
38,14.99,95.54,698.8,0.02899,14.99,95.54,698.8,0.02899
39,13.48,88.4,559.2,0.05439,15.53,107.3,740.4,0.2258
40,13.44,86.18,563.0,0.02031,15.93,102.5,787.9,0.1112
41,10.95,71.9,371.1,0.05669,12.84,87.22,514.0,0.1424
42,19.07,128.3,1104.0,0.09961,24.09,177.4,1651.0,0.2493
43,13.28,87.32,545.2,0.06158,17.38,113.1,907.2,0.1492
44,13.17,85.42,531.5,0.05252,16.23,105.5,740.7,0.1607
45,18.65,123.7,1076.0,0.1009,22.82,150.6,1567.0,0.2378
46,8.196,51.71,201.9,0.005917,8.964,57.26,242.2,0.02564
47,13.17,85.98,534.6,0.0734,15.67,102.8,759.4,0.2088
48,12.05,78.04,449.3,0.02749,13.76,89.88,582.6,0.06548
49,13.49,86.91,561.0,0.03384,15.15,99.0,698.8,0.1282
50,11.76,74.72,427.9,0.01115,12.98,82.98,516.5,0.03715
51,13.64,87.21,571.8,0.01723,14.67,96.08,656.7,0.08586
52,11.94,75.71,437.6,0.01349,13.1,83.67,527.2,0.06296
53,18.22,120.3,1033.0,0.106,20.6,135.1,1321.0,0.1325
54,15.1,97.26,712.8,0.03334,18.1,117.7,1030.0,0.153
55,11.52,73.34,409.0,0.02278,12.84,81.81,506.2,0.06316
56,19.21,125.5,1152.0,0.08994,26.14,170.1,2145.0,0.2091
57,14.71,95.55,656.9,0.08123,17.87,115.7,985.5,0.1834
58,13.05,82.61,527.2,0.004167,14.23,90.24,624.1,0.01111
59,8.618,54.34,224.5,0.007799,9.507,59.9,274.9,0.04419
60,10.17,64.55,311.9,0.0129,11.02,69.86,368.6,0.02579
61,8.598,54.66,221.8,0.009259,9.565,62.06,273.9,0.02778
62,14.25,96.42,645.7,0.08653,17.67,119.1,959.5,0.1785
63,9.173,59.2,260.9,0.0218,10.01,65.59,310.1,0.05087
64,12.68,82.69,499.0,0.06873,17.09,111.8,888.3,0.1716
65,14.78,97.4,668.3,0.09029,17.31,114.6,925.1,0.1614
66,9.465,60.11,269.4,0.01504,10.41,67.03,330.7,0.06517
67,11.31,71.8,394.1,0.0223,12.33,78.0,466.7,0.06961
68,9.029,58.79,250.5,0.04375,10.31,65.5,324.7,0.175
69,12.78,81.37,502.5,0.02864,13.46,85.67,554.9,0.05882
70,18.94,123.6,1130.0,0.07951,24.86,165.9,1866.0,0.1789
71,8.888,58.79,244.0,0.02872,9.733,62.56,284.4,0.04786
72,17.2,114.2,929.4,0.07944,23.32,151.6,1681.0,0.1899
73,13.8,90.43,584.1,0.05069,16.57,110.3,812.4,0.1383
74,12.31,79.19,470.9,0.02272,14.11,89.71,611.1,0.0866
75,16.07,104.1,817.7,0.06638,19.77,128.8,1223.0,0.152
76,13.53,87.91,559.2,0.06556,14.08,91.36,605.5,0.07407
77,18.05,120.2,1006.0,0.108,22.39,150.1,1610.0,0.2102
78,20.18,143.7,1245.0,0.1604,23.37,170.3,1623.0,0.2508
79,12.86,83.19,506.3,0.02315,14.24,91.88,622.1,0.07926
80,11.45,73.81,401.5,0.02233,13.11,84.53,525.1,0.06127
81,13.34,86.49,520.0,0.06987,15.53,96.66,614.9,0.1708
82,25.22,171.5,1878.0,0.1845,30.0,211.7,2562.0,0.2867
83,19.1,129.1,1132.0,0.1469,20.33,141.3,1298.0,0.1841
84,12.0,76.95,443.3,0.01863,13.67,87.78,567.9,0.07632
85,18.46,121.1,1075.0,0.08795,22.93,152.2,1603.0,0.1642
86,14.48,94.25,648.2,0.04938,16.21,108.4,808.9,0.1225
87,19.02,122.0,1076.0,0.08271,24.56,152.9,1623.0,0.1956
88,12.36,79.78,466.1,0.03745,13.83,91.46,574.7,0.1205
89,14.64,95.77,651.9,0.07064,16.34,109.4,803.6,0.1397
90,14.62,94.57,662.7,0.02957,16.11,102.9,803.7,0.06946
91,15.37,100.2,728.2,0.07483,16.43,107.5,830.9,0.1476
92,13.27,84.74,551.7,0.02648,16.36,104.5,830.6,0.1001
93,13.45,86.6,555.1,0.0278,15.1,97.59,699.4,0.07911
94,15.06,100.3,705.6,0.08815,18.23,123.5,1025.0,0.2115
95,20.26,132.4,1264.0,0.08683,24.22,156.1,1750.0,0.1573
96,12.18,77.79,451.1,0.02941,12.83,82.14,495.2,0.05882
97,9.787,62.11,294.5,0.007937,10.92,68.81,366.1,0.02381
98,11.6,74.34,412.6,0.0335,13.06,82.96,512.5,0.08449
99,14.42,94.48,642.5,0.05839,16.33,109.5,826.4,0.1565
100,13.61,88.05,582.7,0.04489,16.99,108.6,906.5,0.1184
101,6.981,43.79,143.5,0.0,7.93,50.41,185.2,0.0
102,12.18,77.22,458.7,0.0177,13.34,84.58,547.8,0.07431
103,9.876,63.95,298.3,0.03029,10.76,72.22,361.2,0.09749
104,10.49,67.41,336.1,0.01201,11.54,74.22,402.8,0.03203
105,13.11,87.21,530.2,0.09601,16.31,106.4,827.2,0.1986
106,11.64,75.17,412.5,0.03485,13.14,85.51,521.7,0.1218
107,12.36,79.01,466.7,0.01921,13.29,85.56,544.1,0.08442
108,22.27,152.8,1509.0,0.1823,28.4,206.8,2360.0,0.291
109,11.34,72.48,396.5,0.01899,13.01,83.99,518.1,0.08278
110,9.777,62.5,290.2,0.01778,11.05,71.68,367.0,0.05334
111,12.63,82.15,480.4,0.06021,13.33,89.0,527.4,0.1105
112,14.26,97.83,629.9,0.07798,15.3,107.0,709.0,0.1505
113,10.51,68.64,334.2,0.03068,11.16,72.62,374.4,0.06136
114,8.726,55.84,230.9,0.01924,9.628,64.48,284.4,0.105
115,11.93,76.53,438.6,0.02008,13.67,87.54,583.0,0.07247
116,8.95,58.74,245.2,0.02308,9.414,63.34,270.0,0.03846
117,14.87,98.64,682.5,0.08923,18.81,127.1,1095.0,0.2027
118,15.78,105.7,782.6,0.09479,20.19,130.3,1272.0,0.2034
119,17.95,114.2,982.0,0.05596,20.58,129.2,1261.0,0.1185
120,11.41,73.34,403.3,0.02623,12.82,83.74,510.5,0.08958
121,18.66,121.4,1077.0,0.08665,22.25,145.4,1549.0,0.1674
122,24.25,166.2,1761.0,0.2012,26.02,180.9,2073.0,0.2248
123,14.5,94.28,640.7,0.05778,15.7,102.8,745.5,0.1221
124,13.37,86.1,553.5,0.028,14.26,91.99,632.1,0.08978
125,13.85,88.44,588.7,0.01141,15.49,100.3,725.9,0.05104
126,13.61,87.76,572.6,0.03085,16.89,113.2,848.7,0.1329
127,19.0,123.4,1138.0,0.05627,22.32,148.2,1538.0,0.1218
128,15.1,99.58,674.5,0.08534,16.11,105.9,762.6,0.1423
129,19.79,130.4,1192.0,0.1149,22.63,148.7,1589.0,0.1732
130,12.19,79.08,455.8,0.02882,13.34,91.38,545.2,0.08187
131,15.46,101.7,748.9,0.08087,19.26,124.9,1156.0,0.1514
132,16.16,106.2,809.8,0.05613,19.47,129.7,1175.0,0.1312
133,15.71,102.0,761.7,0.05933,17.5,114.3,922.8,0.1374
134,18.45,120.2,1075.0,0.06847,22.52,145.6,1590.0,0.1379
135,12.77,81.72,506.3,0.02704,14.49,92.04,653.6,0.09331
136,11.71,74.72,423.6,0.026,13.33,86.16,546.7,0.06968
137,11.43,73.06,399.8,0.02875,12.32,79.93,462.0,0.08476
138,14.95,96.85,678.1,0.08624,18.55,121.4,971.4,0.1667
139,11.28,73.0,384.8,0.04796,11.92,76.53,434.0,0.08611
140,9.738,61.24,288.5,0.0,10.62,66.53,342.9,0.0
141,16.11,105.1,813.0,0.05943,19.92,129.0,1233.0,0.1216
142,11.43,73.66,398.0,0.01861,12.78,82.66,503.0,0.06402
143,12.9,83.74,512.2,0.03088,14.48,97.17,643.8,0.1012
144,10.75,68.26,355.3,0.007875,11.95,77.79,441.2,0.03413
145,11.9,78.11,432.8,0.03003,13.15,86.26,509.6,0.06042
146,11.8,78.99,432.0,0.07415,13.74,91.93,591.7,0.1865
147,14.95,97.84,689.5,0.03562,16.25,107.1,809.7,0.08405
148,14.44,93.97,640.1,0.05532,15.85,108.6,766.9,0.1599
149,13.74,88.12,585.0,0.01329,15.34,97.19,725.9,0.06019
150,13.0,83.51,519.4,0.02645,14.16,90.82,616.7,0.06296
151,8.219,53.27,203.9,0.02168,9.092,58.08,249.8,0.07879
152,9.731,63.78,300.2,0.07857,11.02,71.04,380.5,0.1571
153,11.15,70.87,381.9,0.01786,11.99,76.25,440.8,0.05506
154,13.15,85.31,538.9,0.03483,14.77,97.67,677.3,0.09722
155,12.25,78.27,460.3,0.02331,13.59,86.6,564.2,0.08211
156,17.68,117.4,963.7,0.1054,20.47,132.9,1302.0,0.1515
157,16.84,108.4,880.2,0.02771,18.22,120.3,1032.0,0.08436
158,12.06,76.84,448.6,0.01963,13.14,84.08,532.8,0.07025
159,10.9,68.69,366.8,0.006588,12.36,78.07,470.0,0.03953
160,11.75,76.1,419.8,0.03738,13.32,88.91,543.9,0.07909
161,19.19,126.3,1157.0,0.09667,22.03,146.6,1495.0,0.1777
162,19.59,130.7,1214.0,0.1286,26.73,174.9,2232.0,0.2247
163,12.34,79.85,464.5,0.02822,13.58,87.36,553.0,0.08194
164,23.27,152.1,1686.0,0.09702,28.01,184.2,2403.0,0.2346
165,14.97,95.5,690.2,0.01939,15.98,102.3,782.1,0.05754
166,10.8,68.77,357.6,0.01698,11.6,73.66,414.0,0.04603
167,16.78,109.3,886.3,0.06576,20.05,130.7,1260.0,0.1474
168,17.47,116.1,984.6,0.1043,23.14,155.3,1660.0,0.1721
169,14.97,96.22,685.9,0.03781,16.11,104.6,793.7,0.08485
170,12.32,78.85,464.1,0.037,13.5,86.97,549.1,0.09391
171,13.43,85.84,565.4,0.03438,17.98,116.6,993.6,0.116
172,15.46,102.5,736.9,0.1097,18.79,125.0,1102.0,0.1827
173,11.08,70.21,372.7,0.02583,11.35,72.01,396.5,0.04306
174,10.66,67.49,349.6,0.0,11.54,73.2,408.3,0.0
175,8.671,54.42,227.2,0.0,9.262,58.36,259.2,0.0
176,9.904,64.6,302.4,0.03716,11.26,73.07,390.2,0.0991
177,16.46,109.3,832.9,0.08866,17.79,123.5,981.2,0.2035
178,13.01,82.01,526.4,0.001852,14.0,88.18,608.8,0.009259
179,12.81,81.29,508.8,0.0133,13.63,86.7,570.7,0.0399
180,27.22,182.1,2250.0,0.1878,33.12,220.8,3216.0,0.2688
181,21.09,142.7,1311.0,0.1496,26.68,176.5,2089.0,0.2903
182,15.7,101.2,766.6,0.05189,20.11,129.3,1269.0,0.1541
183,11.41,73.53,402.0,0.02361,12.37,79.12,467.2,0.06296
184,15.28,98.92,710.6,0.03263,17.8,113.8,973.1,0.1226
185,10.08,63.76,317.5,0.002404,11.87,75.39,437.0,0.01042
186,18.31,118.6,1041.0,0.05814,21.31,139.2,1410.0,0.1571
187,11.71,74.68,420.3,0.03239,13.01,84.42,521.5,0.1099
188,11.81,75.27,428.9,0.01553,12.57,79.57,489.5,0.04306
189,12.3,78.83,463.7,0.01654,13.35,86.65,546.7,0.04815
190,14.22,94.37,609.9,0.06618,15.74,106.4,762.4,0.1772
191,12.77,82.02,507.4,0.02864,13.75,89.04,579.5,0.04773
192,9.72,60.73,288.1,0.0,9.968,62.25,303.8,0.0
193,12.34,81.15,477.4,0.04562,15.65,101.7,768.9,0.1459
194,14.86,100.4,671.4,0.08878,16.08,118.6,784.7,0.1727
195,12.91,82.53,516.4,0.02377,13.88,90.81,600.6,0.08235
196,13.77,90.63,588.9,0.06526,16.39,111.6,806.9,0.1673
197,18.08,117.4,1024.0,0.05778,19.76,129.1,1228.0,0.09181
198,19.18,127.5,1148.0,0.06772,23.36,166.4,1688.0,0.1708
199,14.45,94.49,642.7,0.0598,18.33,117.9,1044.0,0.1838
200,12.23,78.54,461.0,0.04107,14.44,92.15,638.4,0.108
201,17.54,115.1,951.6,0.07488,20.42,139.5,1239.0,0.1939
202,23.29,158.9,1685.0,0.162,25.12,177.0,1986.0,0.2733
203,13.81,91.56,597.8,0.09176,19.2,128.5,1153.0,0.2013
204,12.47,81.09,481.9,0.03821,14.97,96.05,677.9,0.1015
205,15.12,98.78,716.6,0.04079,17.77,117.7,989.5,0.1252
206,9.876,62.92,295.4,0.01952,10.42,67.08,331.6,0.05588
207,17.01,109.7,904.3,0.0539,19.8,130.0,1210.0,0.1096
208,13.11,87.02,529.4,0.05102,14.55,99.48,639.3,0.1126
209,15.27,98.17,725.5,0.03157,17.38,113.7,932.7,0.1035
210,20.58,134.7,1290.0,0.09561,23.24,158.3,1656.0,0.192
211,11.84,75.51,428.0,0.01393,13.3,85.22,546.3,0.06913
212,28.11,188.5,2499.0,0.1595,28.11,188.5,2499.0,0.1595
213,17.42,114.5,948.0,0.06597,18.07,120.4,1021.0,0.1099
214,14.19,92.87,610.7,0.06462,16.86,115.0,811.3,0.1772
215,13.86,90.96,578.9,0.05602,15.75,104.4,750.1,0.1654
216,11.89,77.32,432.2,0.03142,13.25,86.2,531.2,0.1138
217,10.2,65.05,321.2,0.01071,11.48,75.4,403.7,0.03571
218,19.8,129.7,1230.0,0.08691,25.73,170.3,2009.0,0.182
219,19.53,128.0,1223.0,0.06637,27.9,180.2,2477.0,0.1625
220,13.65,87.88,568.9,0.02563,15.34,99.71,706.2,0.08056
221,13.56,88.59,561.3,0.04451,14.98,101.1,686.6,0.0909
222,10.18,65.12,313.1,0.01915,11.17,71.94,375.6,0.05575
223,15.75,102.6,761.3,0.06462,19.56,125.9,1088.0,0.1479
224,13.27,84.55,546.4,0.02456,15.14,98.84,708.8,0.09678
225,14.34,92.51,641.2,0.04603,16.77,110.4,873.2,0.1087
226,10.44,66.62,329.6,0.01216,11.52,73.47,395.4,0.04464
227,15.0,97.45,684.5,0.0378,16.41,114.2,808.2,0.1379
228,12.62,81.35,496.4,0.02036,14.2,90.67,624.0,0.118
229,12.83,85.26,503.2,0.06861,15.2,105.3,706.0,0.1977
230,17.05,113.4,895.0,0.109,19.59,133.5,1189.0,0.2543
231,11.32,71.76,395.7,0.003125,12.08,79.82,452.3,0.02083
232,11.22,70.79,386.8,0.006434,12.36,78.44,470.9,0.03002
233,20.51,134.4,1319.0,0.0834,24.47,162.7,1872.0,0.1563
234,9.567,60.21,279.6,0.01667,10.51,65.74,335.9,0.07222
235,14.03,89.79,603.4,0.01896,15.33,98.27,715.5,0.07963
236,23.21,153.5,1670.0,0.1237,31.01,206.0,2944.0,0.2593
237,20.48,132.5,1306.0,0.06022,24.22,161.7,1750.0,0.1445
238,14.22,92.55,623.9,0.04408,15.75,102.5,764.0,0.08219
239,17.46,113.4,920.6,0.08811,22.51,141.2,1408.0,0.2066
240,13.64,87.38,575.3,0.03731,14.85,94.11,683.4,0.09222
241,12.42,78.61,476.5,0.01108,13.2,83.85,543.4,0.04052
242,11.3,73.93,389.4,0.02854,12.58,87.16,472.9,0.1218
243,13.75,88.54,590.0,0.02344,15.01,98.0,706.0,0.06106
244,19.4,129.1,1155.0,0.08886,21.65,144.9,1417.0,0.1564
245,10.48,66.72,337.7,0.0307,11.48,73.68,402.8,0.06736
246,13.2,84.13,541.6,0.01105,13.94,88.28,602.0,0.0497
247,12.89,84.95,512.2,0.0398,14.39,105.0,639.1,0.1561
248,10.65,68.01,347.0,0.01615,12.25,77.98,455.7,0.06136
249,11.52,73.87,406.3,0.02929,12.65,80.88,491.8,0.09608
250,20.94,138.9,1364.0,0.131,25.58,165.3,2010.0,0.2105
251,11.5,73.28,407.4,0.02069,12.97,83.12,508.9,0.06544
252,19.73,130.7,1206.0,0.0974,25.28,159.8,1933.0,0.2507
253,17.3,113.0,928.2,0.08353,19.85,130.9,1222.0,0.1857
254,19.45,126.5,1169.0,0.08591,25.7,163.1,1972.0,0.1999
255,13.96,91.43,602.4,0.05246,16.39,108.1,826.0,0.1374
256,19.55,133.6,1207.0,0.1144,25.05,178.6,1926.0,0.1941
257,15.32,103.2,713.3,0.1242,17.73,119.8,928.8,0.2229
258,15.66,110.2,773.5,0.1377,19.85,143.7,1226.0,0.2462
259,15.53,103.7,744.9,0.08399,18.49,126.3,1035.0,0.2014
260,20.31,132.9,1288.0,0.09333,24.33,162.3,1844.0,0.1697
261,17.35,111.0,933.1,0.02837,19.85,128.2,1218.0,0.08235
262,17.29,114.4,947.8,0.07507,20.39,137.9,1295.0,0.1528
263,15.61,100.0,758.6,0.02847,17.91,115.9,988.6,0.08568
264,17.19,111.6,928.3,0.06527,21.58,140.5,1436.0,0.1984
265,20.73,135.7,1419.0,0.08646,32.49,214.0,3432.0,0.1659
266,10.6,69.28,346.4,0.02642,11.88,78.28,424.8,0.07926
267,13.59,87.16,561.0,0.02142,14.8,97.66,661.5,0.06189
268,12.87,82.38,512.2,0.01615,13.9,89.27,597.5,0.0578
269,10.71,69.5,344.9,0.02867,11.69,76.51,410.4,0.086
270,14.29,90.3,632.6,0.00625,14.91,94.44,684.6,0.03333
271,11.29,72.23,388.0,0.02755,12.32,78.27,457.5,0.0875
272,21.75,147.3,1491.0,0.1088,28.19,195.9,2384.0,0.1841
273,9.742,61.5,289.9,0.01407,10.75,68.09,355.2,0.05159
274,17.93,115.2,998.9,0.04744,20.92,135.1,1320.0,0.1136
275,11.89,76.2,435.6,0.07404,12.4,79.46,472.4,0.08946
276,11.33,71.79,396.6,0.003333,12.2,77.37,458.0,0.01111
277,18.81,120.9,1102.0,0.05843,19.96,129.0,1236.0,0.1294
278,13.59,86.24,572.3,0.01238,15.5,98.91,739.1,0.05185
279,13.85,88.99,587.4,0.03711,14.98,98.37,670.0,0.09993
280,19.16,126.2,1138.0,0.09664,23.72,159.8,1724.0,0.1872
281,11.74,74.24,427.3,0.02763,13.31,84.7,533.7,0.0829
282,19.4,127.2,1145.0,0.09464,23.79,152.4,1628.0,0.2252
283,16.24,108.8,805.1,0.09052,18.55,126.9,1031.0,0.1732
284,12.89,84.08,516.6,0.0339,13.9,92.12,595.6,0.1017
285,12.58,79.83,489.0,0.002924,13.5,85.56,564.1,0.008772
286,11.94,77.87,441.0,0.03791,13.24,92.2,546.1,0.1155
287,12.89,81.89,515.9,0.01171,13.62,87.4,577.0,0.05366
288,11.26,73.72,394.1,0.05588,11.86,78.27,437.6,0.09314
289,11.37,72.17,396.0,0.02173,12.36,79.29,459.3,0.06203
290,14.41,96.03,651.0,0.06602,15.77,101.7,767.3,0.1021
291,14.96,97.03,687.3,0.04819,16.25,109.1,809.8,0.1489
292,12.95,83.14,513.7,0.0337,13.74,88.81,585.4,0.1056
293,11.85,75.54,432.7,0.0228,13.06,84.35,517.8,0.0914
294,12.72,81.78,492.1,0.01924,13.5,88.54,553.7,0.06343
295,13.77,88.06,582.7,0.01917,14.67,94.17,661.1,0.05802
296,10.91,69.14,363.7,0.01369,11.37,72.42,392.2,0.03194
297,11.76,75.0,431.1,0.03515,13.36,85.1,553.6,0.0716
298,14.26,91.22,633.1,0.01374,16.22,105.8,819.7,0.0753
299,10.51,66.85,334.2,0.01875,10.93,70.1,362.7,0.03125
300,19.53,129.5,1217.0,0.1062,25.93,171.1,2053.0,0.198
301,12.46,80.43,471.3,0.03099,13.46,88.13,551.3,0.07625
302,20.09,134.7,1247.0,0.128,23.68,158.8,1696.0,0.1923
303,10.49,66.86,334.3,0.0178,11.06,70.76,375.4,0.06528
304,11.46,73.59,403.1,0.01502,12.68,82.69,489.8,0.05509
305,11.6,74.23,417.2,0.01313,12.44,81.39,476.5,0.04815
306,13.2,84.07,537.3,0.003261,14.41,92.0,636.9,0.025
307,9.0,56.36,246.3,0.003472,9.699,60.9,285.5,0.01389
308,13.5,85.69,566.2,0.004419,14.97,95.48,698.7,0.0221
309,13.05,82.71,530.6,0.008829,14.73,93.96,672.4,0.03532
310,11.7,74.33,418.7,0.01148,12.61,80.92,483.1,0.05741
311,14.61,92.68,664.9,0.01877,16.46,103.7,840.8,0.05813
312,12.76,82.29,504.1,0.02548,14.19,92.04,618.8,0.08411
313,11.54,73.73,409.1,0.008907,12.34,81.23,467.8,0.04715
314,8.597,54.09,221.2,0.0,8.952,56.65,240.1,0.0
315,12.49,79.19,481.6,0.006423,13.34,84.48,544.2,0.02784
316,12.18,77.25,461.4,0.005051,12.85,81.6,513.1,0.01852
317,18.22,118.7,1027.0,0.0795,21.84,140.9,1485.0,0.1776
318,9.042,60.07,244.5,0.04908,10.06,68.62,297.1,0.1145
319,12.43,78.6,477.3,0.01699,12.9,81.76,515.9,0.02832
320,10.25,66.52,324.2,0.03965,11.28,71.53,390.4,0.09744
321,20.16,131.1,1274.0,0.07726,23.06,150.2,1657.0,0.1425
322,12.86,82.82,504.8,0.034,14.04,92.8,599.5,0.1155
323,20.34,135.9,1264.0,0.1504,25.3,171.1,1938.0,0.2685
324,12.2,78.01,457.9,0.01692,13.75,91.11,583.1,0.05556
325,12.67,81.25,489.9,0.02107,13.71,88.7,574.4,0.05602
326,14.11,90.03,616.5,0.02733,15.53,98.4,749.9,0.0589
327,12.03,76.09,446.0,0.005592,13.07,82.74,523.4,0.02796
328,16.27,106.9,813.7,0.08488,19.28,129.8,1121.0,0.1583
329,16.26,107.5,826.8,0.07981,17.73,113.7,975.2,0.1047
330,16.03,105.8,793.2,0.07041,18.76,124.3,1070.0,0.1981
331,12.98,84.52,514.0,0.0295,14.42,99.21,634.3,0.09858
332,11.22,71.94,387.3,0.007583,11.98,76.91,436.1,0.02022
333,11.25,71.38,390.0,0.002941,12.76,82.08,492.7,0.01667
334,12.3,77.88,464.4,0.008535,13.35,84.53,544.3,0.03983
335,17.06,111.8,918.6,0.09934,20.99,143.2,1362.0,0.1827
336,12.99,84.08,514.3,0.02098,13.72,87.38,576.0,0.0585
337,18.77,122.9,1092.0,0.0609,24.54,161.1,1873.0,0.2048
338,10.05,64.41,310.8,0.01775,11.16,71.98,384.0,0.06499
339,23.51,155.1,1747.0,0.141,30.67,202.4,2906.0,0.2089
340,14.42,94.15,641.2,0.04223,16.67,111.4,862.1,0.1414
341,9.606,61.64,280.5,0.02292,10.75,71.25,353.6,0.0812
342,11.06,71.49,373.9,0.03341,11.92,79.76,440.0,0.1075
343,19.68,129.9,1194.0,0.1103,22.75,157.6,1540.0,0.2255
344,11.71,75.03,420.3,0.0325,13.06,84.16,516.4,0.07864
345,10.26,66.2,321.6,0.02037,10.88,70.89,357.1,0.04074
346,12.06,76.66,445.3,0.008488,13.64,86.54,562.6,0.05093
347,14.76,94.87,668.7,0.03528,17.27,114.2,880.8,0.1251
348,11.47,73.02,402.7,0.02322,12.51,79.67,475.8,0.06548
349,11.95,77.23,426.7,0.01787,12.81,83.09,496.2,0.04766
350,11.66,73.7,421.0,0.01162,13.28,83.61,542.5,0.04262
351,15.75,107.1,758.6,0.1242,17.36,119.4,915.3,0.2135
352,25.73,174.2,2010.0,0.1913,33.13,229.3,3234.0,0.2756
353,15.08,98.0,716.6,0.06553,18.51,121.2,1050.0,0.1526
354,11.14,71.24,384.6,0.01471,12.12,79.62,453.5,0.03922
355,12.56,81.92,485.8,0.04391,13.37,89.02,547.4,0.09265
356,13.05,85.09,512.0,0.05603,14.19,94.22,591.2,0.1258
357,13.87,88.52,593.7,0.02088,15.11,96.74,694.4,0.05556
358,8.878,56.74,241.0,0.02381,9.981,65.27,302.0,0.04762
359,9.436,59.82,278.6,0.01406,12.02,75.79,439.6,0.05052
360,12.54,79.42,491.9,0.005449,13.72,86.82,585.7,0.01635
361,13.3,85.24,546.1,0.02424,14.2,92.94,621.2,0.05614
362,12.76,81.87,496.6,0.01781,13.75,87.82,579.7,0.08312
363,16.5,106.6,838.1,0.04835,18.13,117.2,1009.0,0.09123
364,13.4,85.48,552.4,0.01473,14.73,93.76,663.5,0.06987
365,20.44,133.8,1293.0,0.07785,24.31,161.2,1780.0,0.1765
366,20.2,133.7,1234.0,0.1265,24.19,160.0,1671.0,0.2152
367,12.21,78.31,458.4,0.02027,14.29,93.85,624.6,0.08829
368,21.71,140.9,1546.0,0.08465,30.75,199.5,3143.0,0.182
369,22.01,147.2,1482.0,0.1501,27.66,195.0,2227.0,0.2432
370,16.35,109.0,840.4,0.08773,19.38,129.3,1165.0,0.2248
371,15.19,97.65,711.8,0.02657,16.2,104.5,819.1,0.08178
372,21.37,141.3,1386.0,0.1255,22.69,152.1,1535.0,0.1966
373,20.64,134.8,1335.0,0.08941,25.37,166.8,1946.0,0.2112
374,13.69,87.84,579.1,0.02031,14.84,99.16,670.6,0.06987
375,16.17,106.3,788.5,0.05397,16.97,113.1,861.5,0.1251
376,10.57,70.15,338.3,0.05941,10.85,76.51,351.9,0.1465
377,13.46,85.89,562.1,0.01117,14.69,97.11,680.6,0.05781
378,13.66,88.27,580.6,0.02471,14.54,97.96,657.0,0.1054
379,11.08,73.3,361.6,0.06367,13.24,91.76,508.1,0.2524
380,11.27,73.16,386.3,0.0555,12.84,84.93,476.1,0.1318
381,11.04,70.67,372.7,0.02074,12.09,79.73,447.1,0.06754
382,12.05,78.75,447.8,0.02978,12.57,87.36,488.4,0.1092
383,12.39,80.64,462.9,0.0288,14.18,95.23,600.5,0.09804
384,13.28,85.79,541.8,0.02864,14.24,96.59,623.7,0.09173
385,14.6,93.97,664.7,0.05271,15.79,102.2,758.2,0.1359
386,12.21,78.78,462.0,0.02534,13.13,87.65,529.9,0.0914
387,13.88,88.37,596.6,0.008507,15.51,99.66,745.3,0.04537
388,11.27,73.38,392.0,0.02757,12.04,79.73,450.0,0.08272
389,19.55,128.9,1174.0,0.1021,20.82,142.0,1313.0,0.1825
390,10.26,65.75,321.6,0.01968,11.38,73.23,394.5,0.06696
391,8.734,55.27,234.3,0.0,10.17,64.01,317.0,0.0
392,15.49,102.4,744.7,0.09113,21.2,142.1,1359.0,0.2121
393,21.61,144.4,1407.0,0.1562,26.23,172.0,2081.0,0.2422
394,12.1,78.07,446.2,0.03326,13.56,88.33,559.5,0.06266
395,14.06,89.75,609.1,0.03251,14.92,96.42,684.5,0.07911
396,13.51,88.1,558.1,0.05381,14.8,97.33,675.2,0.1453
397,12.8,83.05,508.3,0.04083,13.74,90.72,591.0,0.08296
398,11.06,70.31,378.2,0.007246,12.68,80.79,496.7,0.05556
399,11.8,75.26,431.9,0.01638,13.45,86.0,562.0,0.05356
400,17.91,124.4,994.0,0.1198,20.8,149.6,1304.0,0.1964
401,11.93,76.14,442.7,0.01796,13.8,87.64,589.5,0.06876
402,12.96,84.18,525.2,0.01883,14.13,96.31,621.9,0.06608
403,12.94,83.18,507.6,0.0239,13.86,89.69,580.9,0.08388
404,12.34,78.29,469.1,0.02054,13.18,84.11,533.1,0.04793
405,10.94,70.39,370.0,0.02932,12.4,82.76,472.4,0.07887
406,16.14,104.3,800.0,0.04528,17.71,115.9,947.9,0.1129
407,12.85,82.63,514.5,0.01867,14.4,91.63,645.8,0.05601
408,17.99,117.8,991.7,0.08824,21.08,138.1,1349.0,0.1974
409,12.27,78.41,466.1,0.02653,14.1,89.0,610.2,0.09532
410,11.36,72.49,399.8,0.021,13.05,85.07,521.3,0.08698
411,11.04,70.92,373.2,0.0248,12.41,79.93,471.4,0.07431
412,9.397,59.75,268.8,0.005128,9.965,66.61,301.0,0.02564
413,14.99,97.53,693.7,0.03876,16.76,110.2,867.1,0.1308
414,15.13,96.71,719.5,0.02739,17.26,110.1,931.4,0.06575
415,11.89,76.39,433.8,0.02179,13.05,85.09,522.9,0.08263
416,9.405,59.6,271.2,0.01257,10.85,68.73,359.4,0.0377
417,15.5,102.9,803.1,0.08481,23.17,157.1,1748.0,0.2134
418,12.7,80.88,495.0,0.02402,13.65,88.12,566.9,0.08224
419,11.16,70.95,380.3,0.01076,12.36,79.26,458.0,0.04306
420,11.57,74.2,409.7,0.01428,13.07,86.43,520.5,0.06664
421,14.69,98.22,656.1,0.063,16.46,114.1,809.2,0.1108
422,11.61,75.46,408.2,0.04497,12.64,81.93,475.7,0.1105
423,13.66,89.46,575.3,0.04812,15.14,101.4,708.8,0.1407
424,9.742,61.93,289.7,0.01967,11.21,71.79,380.9,0.04589
425,10.03,63.19,307.3,0.005159,11.11,69.92,376.3,0.02579
426,10.48,67.49,333.6,0.02218,12.13,81.41,440.4,0.0931
427,10.8,68.79,359.9,0.01404,12.76,83.69,489.5,0.07485
428,11.13,70.47,381.1,0.0137,11.68,74.35,421.1,0.04044
429,12.72,80.98,501.3,0.01835,13.82,88.87,586.8,0.03612
430,14.9,102.1,685.0,0.09711,16.35,125.4,832.7,0.2475
431,12.4,81.47,467.8,0.02799,12.88,89.61,515.8,0.0737
432,20.18,133.8,1250.0,0.1259,22.03,146.0,1479.0,0.2173
433,18.82,123.7,1110.0,0.08744,22.66,145.3,1603.0,0.1708
434,14.86,94.89,673.7,0.02877,16.31,102.3,777.5,0.07971
435,13.98,91.12,599.5,0.06463,17.04,113.9,869.3,0.1827
436,12.87,82.67,509.2,0.0209,14.45,95.14,626.9,0.06384
437,14.04,89.78,611.2,0.02944,15.66,101.2,750.0,0.07453
438,13.85,88.68,592.6,0.02293,15.63,100.9,749.1,0.0589
439,14.02,89.59,606.5,0.02652,14.91,96.53,688.9,0.08216
440,10.97,71.73,371.5,0.03613,12.36,90.14,476.4,0.1555
441,17.27,112.4,928.8,0.05736,20.38,132.8,1284.0,0.1739
442,13.78,88.37,585.9,0.009937,15.27,97.9,706.6,0.03312
443,10.57,66.82,340.9,0.01111,10.94,69.35,366.3,0.02222
444,18.03,117.5,990.0,0.06254,20.38,133.3,1292.0,0.1535
445,11.99,77.61,441.3,0.04274,12.98,84.48,513.9,0.1202
446,17.75,117.3,981.6,0.08293,21.53,145.4,1437.0,0.197
447,14.8,95.88,674.8,0.0226,16.43,105.9,829.5,0.08308
448,14.53,94.25,659.7,0.02925,16.3,108.1,830.5,0.09594
449,21.1,138.1,1384.0,0.1155,25.68,168.2,2022.0,0.228
450,11.87,76.83,432.0,0.02386,12.79,83.51,507.2,0.0875
451,19.59,127.7,1191.0,0.09063,21.44,139.8,1421.0,0.1466
452,12.0,76.77,442.5,0.01945,13.09,85.07,523.7,0.07116
453,14.53,93.86,644.2,0.06495,15.8,103.1,749.9,0.1069
454,12.62,80.62,492.9,0.02272,14.34,91.62,633.5,0.09851
455,13.38,86.34,557.2,0.03264,15.05,96.69,705.6,0.07763
456,11.63,74.87,415.1,0.02017,13.12,86.04,527.8,0.06835
457,13.21,84.1,537.9,0.02068,14.35,91.29,632.9,0.06005
458,13.0,82.61,520.2,0.01762,14.34,91.06,628.5,0.05921
459,9.755,61.68,290.9,0.01043,10.67,68.03,349.9,0.04866
460,17.08,111.2,930.9,0.06431,22.96,152.1,1648.0,0.1555
461,27.42,186.9,2501.0,0.1689,36.04,251.2,4254.0,0.2625
462,14.4,92.25,646.1,0.01737,15.4,100.4,734.6,0.05563
463,11.6,73.88,412.7,0.01777,12.77,82.68,495.1,0.08288
464,13.17,84.28,537.3,0.0287,14.9,95.1,687.6,0.1045
465,13.24,86.87,542.9,0.02833,15.44,115.0,733.5,0.1357
466,13.14,85.98,536.9,0.0351,14.8,100.9,689.1,0.1181
467,9.668,61.06,286.3,0.005769,11.15,71.11,380.2,0.025
468,17.6,119.0,980.5,0.1002,21.57,143.6,1437.0,0.1996
469,11.62,76.38,408.8,0.05564,13.36,88.14,528.1,0.1416
470,9.667,61.49,289.1,0.01514,11.14,70.88,385.2,0.0656
471,12.04,76.85,449.9,0.02377,13.6,87.24,567.6,0.05547
472,14.92,96.45,686.9,0.03221,17.18,112.0,906.6,0.1147
473,12.27,77.42,465.4,0.0,13.45,85.08,558.9,0.0
474,10.88,70.41,358.9,0.01571,11.94,80.78,433.1,0.07966
475,12.83,82.89,506.9,0.03078,14.09,93.22,605.8,0.09783
476,14.2,92.41,618.4,0.03058,16.45,112.1,828.5,0.1339
477,13.9,88.97,599.4,0.01339,15.14,101.2,718.9,0.06222
478,11.49,73.99,404.9,0.01969,12.4,82.04,467.6,0.07431
479,16.25,109.8,815.8,0.09194,17.39,122.1,939.7,0.1775
480,12.16,78.29,455.3,0.01527,13.34,88.83,547.4,0.0569
481,13.9,88.73,602.9,0.0207,16.41,104.4,830.5,0.0815
482,13.47,87.32,546.3,0.05266,14.83,94.94,660.2,0.1335
483,13.7,87.76,571.1,0.0316,14.96,95.78,686.5,0.09077
484,15.73,102.8,747.2,0.06211,17.01,112.5,854.3,0.1452
485,12.45,82.85,476.7,0.04846,13.78,97.82,580.6,0.1342
486,14.64,94.21,666.0,0.02791,16.46,106.0,831.0,0.07828
487,19.44,128.1,1167.0,0.1194,23.96,153.9,1740.0,0.206
488,11.68,75.49,420.5,0.03132,13.32,86.57,549.8,0.09815
489,16.69,107.1,857.6,0.02307,19.18,127.3,1084.0,0.08737
490,12.25,78.18,466.5,0.01261,14.17,92.74,622.9,0.06335
491,17.85,114.6,992.1,0.04178,19.82,127.1,1210.0,0.08341
492,18.01,118.4,1007.0,0.07762,21.53,143.4,1426.0,0.1489
493,12.46,78.83,477.3,0.01149,13.19,83.24,534.0,0.0268
494,13.16,84.06,538.7,0.01256,14.5,95.29,648.3,0.04195
495,14.87,96.12,680.9,0.04951,16.01,103.9,783.6,0.1017
496,12.65,82.69,485.6,0.05074,14.38,95.29,633.7,0.1407
497,12.47,80.45,480.1,0.02369,14.06,92.82,607.3,0.1053
498,18.49,121.3,1068.0,0.09183,22.75,146.4,1600.0,0.1663
499,20.59,137.8,1320.0,0.1121,23.86,163.2,1760.0,0.2113
500,15.04,98.73,689.4,0.06142,16.76,109.7,856.9,0.1018
501,13.82,92.33,595.9,0.06759,16.01,106.0,788.0,0.1521
502,12.54,81.25,476.3,0.03279,13.57,86.67,552.0,0.08411
503,23.09,152.1,1682.0,0.1003,30.79,211.5,2782.0,0.2264
504,9.268,61.49,248.7,0.05252,10.28,69.05,300.2,0.1025
505,9.676,64.12,272.5,0.07038,10.6,69.47,328.1,0.1075
506,12.22,79.47,453.1,0.02166,13.16,85.13,515.3,0.08088
507,11.06,71.25,366.5,0.04268,11.69,76.08,411.1,0.09514
508,16.3,104.7,819.8,0.04563,17.32,109.8,928.2,0.1357
509,15.46,103.8,731.3,0.0852,17.11,117.7,909.4,0.2163
510,11.74,76.31,426.0,0.02639,12.45,81.25,473.8,0.1056
511,14.81,94.66,680.7,0.02541,15.61,101.7,760.2,0.07955
512,13.4,88.64,556.7,0.08172,16.41,113.3,844.4,0.2051
513,14.58,94.29,658.8,0.04349,16.76,108.5,862.0,0.09186
514,15.05,97.26,701.9,0.04335,17.58,113.8,967.0,0.112
515,11.34,72.76,391.2,0.02594,12.47,79.15,478.6,0.08542
516,18.31,120.8,1052.0,0.09451,21.86,142.2,1493.0,0.151
517,19.89,130.5,1214.0,0.09431,23.73,160.5,1646.0,0.1613
518,12.88,84.45,493.1,0.05303,15.05,99.31,674.7,0.1096
519,12.75,82.51,493.8,0.02995,14.45,93.63,624.1,0.08045
520,9.295,59.96,257.8,0.02421,10.57,67.84,326.6,0.07262
521,24.63,165.5,1841.0,0.1471,29.92,205.7,2642.0,0.2475
522,11.26,71.3,388.1,0.005664,11.93,76.38,435.9,0.02832
523,13.71,88.73,571.0,0.03783,15.11,99.43,701.9,0.1284
524,9.847,63.0,293.2,0.02416,11.24,74.32,376.5,0.06528
525,8.571,54.53,221.3,0.0151,9.473,63.3,275.6,0.08512
526,13.46,87.44,551.1,0.03152,15.35,101.9,719.8,0.1427
527,12.34,78.94,468.5,0.02647,13.61,87.22,564.9,0.107
528,13.94,90.31,594.2,0.06615,14.62,94.52,653.3,0.1015
529,12.07,77.83,445.2,0.02798,13.45,86.92,549.9,0.07393
530,11.75,75.89,422.9,0.0444,13.5,88.52,552.3,0.101
531,11.67,75.21,416.2,0.02157,13.35,87.0,550.6,0.0812
532,13.68,87.76,575.5,0.0188,15.85,101.6,773.4,0.08704
533,20.47,134.7,1299.0,0.1015,23.23,152.0,1645.0,0.1613
534,10.96,70.79,365.6,0.02788,11.62,76.43,407.5,0.09861
535,20.55,137.8,1308.0,0.1322,24.3,160.2,1809.0,0.2148
536,14.27,93.77,629.8,0.06139,15.29,104.3,728.3,0.1362
537,11.69,76.37,406.4,0.04531,12.98,86.12,487.7,0.1308
538,7.729,47.98,178.8,0.0,9.077,57.17,248.0,0.0
539,7.691,48.34,170.4,0.01364,8.678,54.49,223.6,0.05
540,11.54,74.65,402.9,0.02594,12.26,78.78,457.8,0.06918
541,14.47,95.81,656.4,0.0389,16.22,113.5,808.9,0.1205
542,14.74,94.7,668.6,0.03027,16.51,107.4,826.4,0.1095
543,13.21,84.88,538.4,0.03275,14.37,92.48,629.6,0.07958
544,13.87,89.77,584.8,0.02369,15.05,99.17,688.6,0.06845
545,13.62,87.19,573.2,0.02443,15.35,97.58,729.8,0.07174
546,10.32,65.31,324.9,0.005495,11.25,71.12,384.9,0.02381
547,10.26,65.85,320.8,0.02438,10.83,71.08,357.4,0.08333
548,9.683,61.05,285.7,0.009615,10.93,69.1,364.2,0.03846
549,10.82,68.89,361.6,0.00816,13.03,83.9,505.6,0.03264
550,10.86,68.51,360.5,0.0,11.66,74.08,412.3,0.0
551,11.13,71.49,378.4,0.02257,12.02,77.8,436.6,0.06413
552,12.77,81.35,507.9,0.01499,13.87,88.1,594.7,0.06498
553,9.333,59.01,264.0,0.01282,9.845,62.86,295.8,0.02564
554,12.88,82.5,514.3,0.02343,13.89,88.84,595.7,0.06493
555,10.29,65.67,321.4,0.02738,10.84,69.57,357.6,0.09127
556,10.16,64.73,311.7,0.01116,10.65,67.88,347.3,0.02232
557,9.423,59.26,271.3,0.0,10.49,66.5,330.6,0.0
558,14.59,96.39,657.1,0.03736,15.48,105.9,733.5,0.1105
559,11.51,74.52,403.5,0.04105,12.48,82.28,474.2,0.09653
560,14.05,91.38,600.4,0.04304,15.3,100.2,706.7,0.1048
561,11.2,70.67,386.0,0.0,11.92,75.19,439.6,0.0
562,15.22,103.4,716.9,0.09429,17.52,128.7,915.0,0.2356
563,20.92,143.0,1347.0,0.1474,24.29,179.1,1819.0,0.2542
564,21.56,142.0,1479.0,0.1389,25.45,166.1,2027.0,0.2216
565,20.13,131.2,1261.0,0.09791,23.69,155.0,1731.0,0.1628
566,16.6,108.3,858.1,0.05302,18.98,126.7,1124.0,0.1418
567,20.6,140.1,1265.0,0.152,25.74,184.6,1821.0,0.265
568,7.76,47.92,181.0,0.0,9.456,59.16,268.6,0.0
